{
    "IsEncrypted": false,
  "Values": {
    "AzureWebJobsStorage": "UseDevelopmentStorage=true;",
    "AzureWebJobsDashboard": "UseDevelopmentStorage=true;",
    "EventsContextConnectionString": "Server=(localdb)\\mssqllocaldb;Database=Contoso.Events.Mod06;Trusted_Connection=True;MultipleActiveResultSets=true",
    "CosmosEndpointUrl": "https://localhost:8081",
    "CosmosAuthorizationKey": "C2y6yDjf5/R+ob0N8A7Cgv30VRDJIWEHLM+4QDU5DE2nQ9nDuVTqobD4b8mGGyPMbIZnqyMsEcaGQy67XIw/Jw==",
    "CosmosDatabaseId": "EventsDatabase.Mod06",
    "CosmosCollectionId": "RegistrationCollection"
  }
}